test_case_fib_opt14,23936
test_case_fib_opt5,23856
test_case_fib_opt18,23952
test_case_fib_opt3,23920
test_case_fib_opt16,23952
test_case_fib_opt7,23888
test_case_fib_opt10,24528
test_case_fib_opt17,24528
test_case_fib_opt6,24208
test_case_fib_opt22,24528
test_case_fib_opt0,24512
test_case_fib_opt9,24544
test_case_fib_opt15,24544
test_case_fib_opt4,24512
test_case_fib_opt1,24528
test_case_fib_opt24,24208
test_case_fib_opt11,23888
test_case_fib_opt23,24208
test_case_fib_opt20,24528
test_case_fib_opt19,24528
test_case_fib_opt2,24208
test_case_fib_opt13,23680
test_case_fib_opt8,23968
test_case_fib_opt21,23968
test_case_fib_opt12,23920
test_case_image_classification_resnet14,50896
test_case_image_classification_resnet5,44672
test_case_image_classification_resnet18,37232
test_case_image_classification_resnet3,50928
test_case_image_classification_resnet16,50928
test_case_image_classification_resnet7,38352
test_case_image_classification_resnet10,50928
test_case_image_classification_resnet17,51072
test_case_image_classification_resnet6,53968
test_case_image_classification_resnet22,44688
test_case_image_classification_resnet0,36768
test_case_image_classification_resnet9,56848
test_case_image_classification_resnet15,37232
test_case_image_classification_resnet4,56848
test_case_image_classification_resnet1,38352
test_case_image_classification_resnet24,38352
test_case_image_classification_resnet11,36768
test_case_image_classification_resnet23,37200
test_case_image_classification_resnet20,38352
test_case_image_classification_resnet19,44672
test_case_image_classification_resnet2,44704
test_case_image_classification_resnet13,50912
test_case_image_classification_resnet8,53952
test_case_image_classification_resnet21,44672
test_case_image_classification_resnet12,56512
test_case_image_classification_squeezenet14,56160
test_case_image_classification_squeezenet5,44528
test_case_image_classification_squeezenet18,55824
test_case_image_classification_squeezenet3,53696
test_case_image_classification_squeezenet16,38448
test_case_image_classification_squeezenet7,37584
test_case_image_classification_squeezenet10,53696
test_case_image_classification_squeezenet17,39072
test_case_image_classification_squeezenet6,50656
test_case_image_classification_squeezenet22,56160
test_case_image_classification_squeezenet0,39088
test_case_image_classification_squeezenet9,37776
test_case_image_classification_squeezenet15,56160
test_case_image_classification_squeezenet4,39088
test_case_image_classification_squeezenet1,44672
test_case_image_classification_squeezenet24,37584
test_case_image_classification_squeezenet11,37616
test_case_image_classification_squeezenet23,53712
test_case_image_classification_squeezenet20,38464
test_case_image_classification_squeezenet19,39088
test_case_image_classification_squeezenet2,53696
test_case_image_classification_squeezenet13,44672
test_case_image_classification_squeezenet8,38720
test_case_image_classification_squeezenet21,44160
test_case_image_classification_squeezenet12,38480
test_case_matmul14,58448
test_case_matmul5,33936
test_case_matmul18,119632
test_case_matmul3,62608
test_case_matmul16,112768
test_case_matmul7,132416
test_case_matmul10,86544
test_case_matmul17,58000
test_case_matmul6,35456
test_case_matmul22,29328
test_case_matmul0,49264
test_case_matmul9,57744
test_case_matmul15,97888
test_case_matmul4,55440
test_case_matmul1,98448
test_case_matmul24,84624
test_case_matmul11,29312
test_case_matmul23,63424
test_case_matmul20,50320
test_case_matmul19,26256
test_case_matmul2,91616
test_case_matmul13,105168
test_case_matmul8,56912
test_case_matmul21,131344
test_case_matmul12,73872
test_case_matrix_transpose14,47232
test_case_matrix_transpose5,48784
test_case_matrix_transpose18,56464
test_case_matrix_transpose3,52864
test_case_matrix_transpose16,41104
test_case_matrix_transpose7,30336
test_case_matrix_transpose10,28304
test_case_matrix_transpose17,27280
test_case_matrix_transpose6,32352
test_case_matrix_transpose22,57792
test_case_matrix_transpose0,30864
test_case_matrix_transpose9,36816
test_case_matrix_transpose15,39552
test_case_matrix_transpose4,47248
test_case_matrix_transpose1,61584
test_case_matrix_transpose24,45200
test_case_matrix_transpose11,84416
test_case_matrix_transpose23,50832
test_case_matrix_transpose20,59024
test_case_matrix_transpose19,47760
test_case_matrix_transpose2,37008
test_case_matrix_transpose13,31376
test_case_matrix_transpose8,30352
test_case_matrix_transpose21,41104
test_case_matrix_transpose12,42640
test_case_fib14,23632
test_case_fib5,23792
test_case_fib18,23632
test_case_fib3,23632
test_case_fib16,23648
test_case_fib7,23552
test_case_fib10,23632
test_case_fib17,23792
test_case_fib6,23568
test_case_fib22,24048
test_case_fib0,23552
test_case_fib9,23776
test_case_fib15,23776
test_case_fib4,23632
test_case_fib1,23600
test_case_fib24,23776
test_case_fib11,23760
test_case_fib23,23616
test_case_fib20,23600
test_case_fib19,23632
test_case_fib2,23616
test_case_fib13,23568
test_case_fib8,23632
test_case_fib21,23920
test_case_fib12,23568
